product_id,product_name,category,price,brand
P0001,商品_美妆个护_0,家居用品,27.31,品牌O
P0002,商品_汽车用品_1,美妆个护,35.33,品牌U
P0003,商品_图书文具_2,图书文具,55.12,品牌C
P0004,商品_电子产品_3,母婴用品,47.14,品牌D
P0005,商品_母婴用品_4,家电数码,42.93,品牌^
P0006,商品_食品饮料_5,运动户外,22.83,品牌M
P0007,商品_图书文具_6,汽车用品,11.18,品牌L
P0008,商品_食品饮料_7,家电数码,102.62,品牌U
P0009,商品_食品饮料_8,家居用品,91.77,品牌I
P0010,商品_汽车用品_9,母婴用品,29.55,品牌Y
P0011,商品_家电数码_10,食品饮料,79.75,品牌N
P0012,商品_服装鞋帽_11,家居用品,46.23,品牌S
P0013,商品_家居用品_12,汽车用品,165.04,品牌G
P0014,商品_运动户外_13,家居用品,14.7,品牌P
P0015,商品_食品饮料_14,运动户外,48.1,品牌V
P0016,商品_汽车用品_15,家电数码,44.41,品牌T
P0017,商品_汽车用品_16,运动户外,64.14,品牌E
P0018,商品_图书文具_17,电子产品,253.95,品牌^
P0019,商品_图书文具_18,美妆个护,48.24,品牌J
P0020,商品_美妆个护_19,家电数码,114.79,品牌R
P0021,商品_食品饮料_20,美妆个护,47.1,品牌K
P0022,商品_服装鞋帽_21,运动户外,159.32,品牌G
P0023,商品_家居用品_22,食品饮料,115.91,品牌N
P0024,商品_家居用品_23,母婴用品,39.12,品牌T
P0025,商品_母婴用品_24,汽车用品,36.4,品牌R
P0026,商品_母婴用品_25,家居用品,88.85,品牌K
P0027,商品_美妆个护_26,家居用品,28.35,品牌V
P0028,商品_运动户外_27,美妆个护,66.06,品牌[
P0029,商品_母婴用品_28,汽车用品,38.25,品牌L
P0030,商品_电子产品_29,家电数码,78.89,品牌R
P0031,商品_美妆个护_30,母婴用品,46.48,品牌Z
P0032,商品_家居用品_31,图书文具,27.31,品牌B
P0033,商品_家居用品_32,美妆个护,164.89,品牌W
P0034,商品_服装鞋帽_33,家电数码,69.38,品牌A
P0035,商品_汽车用品_34,家电数码,51.75,品牌W
P0036,商品_电子产品_35,汽车用品,83.1,品牌J
P0037,商品_运动户外_36,汽车用品,10.27,品牌U
P0038,商品_图书文具_37,服装鞋帽,441.5,品牌A
P0039,商品_美妆个护_38,家居用品,55.96,品牌F
P0040,商品_母婴用品_39,母婴用品,7.67,品牌G
P0041,商品_家电数码_40,电子产品,180.75,品牌Q
P0042,商品_服装鞋帽_41,美妆个护,25.75,品牌I
P0043,商品_家居用品_42,母婴用品,155.04,品牌G
P0044,商品_家电数码_43,服装鞋帽,61.66,品牌Q
P0045,商品_美妆个护_44,服装鞋帽,11.35,品牌C
P0046,商品_食品饮料_45,母婴用品,70.9,品牌P
P0047,商品_运动户外_46,汽车用品,65.87,品牌E
P0048,商品_食品饮料_47,家电数码,172.74,品牌T
P0049,商品_美妆个护_48,图书文具,92.03,品牌R
P0050,商品_食品饮料_49,母婴用品,15.81,品牌A
P0051,商品_运动户外_50,美妆个护,148.75,品牌D
P0052,商品_汽车用品_51,电子产品,36.09,品牌W
P0053,商品_美妆个护_52,家居用品,304.99,品牌K
P0054,商品_家电数码_53,服装鞋帽,38.29,品牌T
P0055,商品_食品饮料_54,食品饮料,44.2,品牌I
P0056,商品_运动户外_55,食品饮料,24.0,品牌^
P0057,商品_母婴用品_56,家电数码,33.16,品牌H
P0058,商品_图书文具_57,汽车用品,25.46,品牌H
P0059,商品_运动户外_58,家居用品,177.05,品牌E
P0060,商品_服装鞋帽_59,服装鞋帽,14.42,品牌L
P0061,商品_图书文具_60,食品饮料,122.07,品牌A
P0062,商品_母婴用品_61,食品饮料,125.04,品牌O
P0063,商品_电子产品_62,图书文具,216.49,品牌Y
P0064,商品_家电数码_63,母婴用品,57.04,品牌R
P0065,商品_家居用品_64,运动户外,19.56,品牌F
P0066,商品_母婴用品_65,家居用品,45.98,品牌J
P0067,商品_汽车用品_66,运动户外,98.96,品牌N
P0068,商品_图书文具_67,电子产品,59.43,品牌U
P0069,商品_汽车用品_68,汽车用品,78.79,品牌Z
P0070,商品_图书文具_69,母婴用品,213.85,品牌]
P0071,商品_服装鞋帽_70,电子产品,97.71,品牌H
P0072,商品_电子产品_71,美妆个护,66.58,品牌[
P0073,商品_家居用品_72,服装鞋帽,8.63,品牌C
P0074,商品_服装鞋帽_73,运动户外,24.93,品牌V
P0075,商品_母婴用品_74,家电数码,36.43,品牌V
P0076,商品_汽车用品_75,美妆个护,7.56,品牌Z
P0077,商品_图书文具_76,家居用品,18.01,品牌S
P0078,商品_母婴用品_77,服装鞋帽,41.74,品牌L
P0079,商品_运动户外_78,食品饮料,49.12,品牌L
P0080,商品_电子产品_79,运动户外,90.54,品牌O
P0081,商品_家电数码_80,母婴用品,44.47,品牌\
P0082,商品_运动户外_81,母婴用品,69.97,品牌G
P0083,商品_汽车用品_82,美妆个护,35.95,品牌[
P0084,商品_电子产品_83,美妆个护,56.94,品牌D
P0085,商品_电子产品_84,汽车用品,85.71,品牌U
P0086,商品_母婴用品_85,食品饮料,238.09,品牌I
P0087,商品_运动户外_86,图书文具,32.63,品牌V
P0088,商品_母婴用品_87,运动户外,63.07,品牌P
P0089,商品_母婴用品_88,电子产品,130.21,品牌Z
P0090,商品_母婴用品_89,家居用品,12.94,品牌M
P0091,商品_汽车用品_90,运动户外,402.55,品牌D
P0092,商品_图书文具_91,运动户外,177.51,品牌X
P0093,商品_图书文具_92,食品饮料,9.86,品牌I
P0094,商品_汽车用品_93,运动户外,79.15,品牌Z
P0095,商品_家居用品_94,汽车用品,31.05,品牌U
P0096,商品_家电数码_95,运动户外,36.7,品牌R
P0097,商品_服装鞋帽_96,家电数码,77.52,品牌O
P0098,商品_家电数码_97,家电数码,156.08,品牌O
P0099,商品_汽车用品_98,服装鞋帽,34.27,品牌F
P0100,商品_食品饮料_99,家居用品,34.73,品牌K
P0101,商品_服装鞋帽_100,家电数码,79.22,品牌\
P0102,商品_家居用品_101,家居用品,96.73,品牌H
P0103,商品_美妆个护_102,母婴用品,19.94,品牌]
P0104,商品_服装鞋帽_103,汽车用品,306.03,品牌U
P0105,商品_电子产品_104,食品饮料,28.69,品牌Q
P0106,商品_汽车用品_105,食品饮料,143.26,品牌X
P0107,商品_美妆个护_106,家电数码,85.77,品牌Y
P0108,商品_家电数码_107,汽车用品,100.12,品牌Q
P0109,商品_美妆个护_108,母婴用品,29.25,品牌X
P0110,商品_汽车用品_109,电子产品,9.74,品牌Z
P0111,商品_家电数码_110,汽车用品,53.44,品牌\
P0112,商品_汽车用品_111,服装鞋帽,53.66,品牌R
P0113,商品_运动户外_112,食品饮料,20.95,品牌D
P0114,商品_食品饮料_113,服装鞋帽,136.72,品牌]
P0115,商品_家居用品_114,食品饮料,51.86,品牌O
P0116,商品_家居用品_115,母婴用品,24.31,品牌B
P0117,商品_电子产品_116,运动户外,98.01,品牌B
P0118,商品_食品饮料_117,图书文具,100.65,品牌J
P0119,商品_食品饮料_118,汽车用品,26.67,品牌C
P0120,商品_电子产品_119,汽车用品,187.43,品牌^
P0121,商品_家电数码_120,运动户外,514.52,品牌H
P0122,商品_电子产品_121,电子产品,18.36,品牌T
P0123,商品_家电数码_122,食品饮料,45.44,品牌G
P0124,商品_电子产品_123,电子产品,76.48,品牌L
P0125,商品_服装鞋帽_124,汽车用品,533.93,品牌Z
P0126,商品_服装鞋帽_125,家电数码,26.21,品牌S
P0127,商品_运动户外_126,家电数码,21.34,品牌Z
P0128,商品_图书文具_127,美妆个护,21.19,品牌\
P0129,商品_电子产品_128,家居用品,185.2,品牌^
P0130,商品_食品饮料_129,家电数码,26.9,品牌O
P0131,商品_服装鞋帽_130,家电数码,23.33,品牌N
P0132,商品_母婴用品_131,食品饮料,68.78,品牌P
P0133,商品_家电数码_132,美妆个护,74.31,品牌]
P0134,商品_服装鞋帽_133,食品饮料,159.34,品牌[
P0135,商品_服装鞋帽_134,汽车用品,59.86,品牌N
P0136,商品_汽车用品_135,服装鞋帽,70.03,品牌C
P0137,商品_家电数码_136,电子产品,49.14,品牌R
P0138,商品_家居用品_137,汽车用品,14.82,品牌]
P0139,商品_美妆个护_138,服装鞋帽,44.72,品牌\
P0140,商品_家电数码_139,母婴用品,58.14,品牌V
P0141,商品_运动户外_140,母婴用品,35.03,品牌F
P0142,商品_汽车用品_141,食品饮料,11.42,品牌Q
P0143,商品_家电数码_142,图书文具,17.55,品牌W
P0144,商品_家电数码_143,图书文具,52.49,品牌\
P0145,商品_图书文具_144,服装鞋帽,138.76,品牌N
P0146,商品_汽车用品_145,家电数码,293.62,品牌N
P0147,商品_家电数码_146,食品饮料,45.43,品牌T
P0148,商品_美妆个护_147,服装鞋帽,26.66,品牌M
P0149,商品_美妆个护_148,食品饮料,37.62,品牌[
P0150,商品_母婴用品_149,服装鞋帽,19.17,品牌\
P0151,商品_汽车用品_150,母婴用品,120.03,品牌C
P0152,商品_家居用品_151,美妆个护,462.95,品牌M
P0153,商品_家电数码_152,食品饮料,27.32,品牌]
P0154,商品_图书文具_153,美妆个护,16.58,品牌X
P0155,商品_图书文具_154,母婴用品,149.38,品牌B
P0156,商品_食品饮料_155,图书文具,75.04,品牌I
P0157,商品_家居用品_156,运动户外,76.32,品牌M
P0158,商品_图书文具_157,电子产品,267.25,品牌H
P0159,商品_美妆个护_158,汽车用品,13.92,品牌P
P0160,商品_食品饮料_159,电子产品,13.54,品牌X
P0161,商品_电子产品_160,电子产品,46.45,品牌]
P0162,商品_图书文具_161,汽车用品,58.17,品牌C
P0163,商品_运动户外_162,母婴用品,38.28,品牌M
P0164,商品_汽车用品_163,母婴用品,639.54,品牌D
P0165,商品_图书文具_164,图书文具,40.04,品牌R
P0166,商品_服装鞋帽_165,运动户外,31.48,品牌B
P0167,商品_家居用品_166,家居用品,61.83,品牌T
P0168,商品_服装鞋帽_167,电子产品,144.15,品牌V
P0169,商品_母婴用品_168,家电数码,26.43,品牌U
P0170,商品_图书文具_169,电子产品,47.13,品牌O
P0171,商品_电子产品_170,家居用品,148.31,品牌Q
P0172,商品_服装鞋帽_171,食品饮料,156.77,品牌]
P0173,商品_服装鞋帽_172,图书文具,67.87,品牌J
P0174,商品_家居用品_173,美妆个护,613.02,品牌A
P0175,商品_食品饮料_174,美妆个护,395.7,品牌F
P0176,商品_电子产品_175,家居用品,13.38,品牌C
P0177,商品_服装鞋帽_176,电子产品,10.05,品牌S
P0178,商品_家电数码_177,美妆个护,120.99,品牌G
P0179,商品_电子产品_178,家居用品,213.87,品牌M
P0180,商品_家电数码_179,汽车用品,43.61,品牌M
P0181,商品_图书文具_180,母婴用品,33.04,品牌Q
P0182,商品_服装鞋帽_181,服装鞋帽,24.04,品牌A
P0183,商品_服装鞋帽_182,母婴用品,16.98,品牌N
P0184,商品_美妆个护_183,电子产品,170.09,品牌]
P0185,商品_美妆个护_184,家居用品,37.29,品牌Z
P0186,商品_家居用品_185,食品饮料,73.83,品牌C
P0187,商品_汽车用品_186,美妆个护,8.8,品牌N
P0188,商品_汽车用品_187,美妆个护,148.75,品牌X
P0189,商品_食品饮料_188,美妆个护,98.28,品牌A
P0190,商品_家居用品_189,家居用品,14.23,品牌P
P0191,商品_汽车用品_190,母婴用品,70.74,品牌J
P0192,商品_家居用品_191,食品饮料,54.86,品牌M
P0193,商品_服装鞋帽_192,家居用品,34.81,品牌D
P0194,商品_美妆个护_193,电子产品,5.0,品牌I
P0195,商品_美妆个护_194,图书文具,28.21,品牌N
P0196,商品_美妆个护_195,电子产品,73.88,品牌D
P0197,商品_汽车用品_196,服装鞋帽,31.55,品牌J
P0198,商品_电子产品_197,图书文具,43.74,品牌H
P0199,商品_运动户外_198,电子产品,243.9,品牌W
P0200,商品_服装鞋帽_199,食品饮料,50.53,品牌C
P0201,商品_图书文具_200,运动户外,6.71,品牌W
P0202,商品_家居用品_201,运动户外,45.38,品牌G
P0203,商品_美妆个护_202,运动户外,60.3,品牌J
P0204,商品_美妆个护_203,服装鞋帽,23.92,品牌C
P0205,商品_美妆个护_204,服装鞋帽,113.83,品牌B
P0206,商品_服装鞋帽_205,运动户外,12.65,品牌O
P0207,商品_美妆个护_206,汽车用品,47.57,品牌I
P0208,商品_食品饮料_207,美妆个护,12.51,品牌O
P0209,商品_家居用品_208,图书文具,40.62,品牌Q
P0210,商品_服装鞋帽_209,图书文具,110.84,品牌^
P0211,商品_家居用品_210,美妆个护,46.45,品牌G
P0212,商品_家电数码_211,母婴用品,43.81,品牌T
P0213,商品_母婴用品_212,汽车用品,56.14,品牌R
P0214,商品_食品饮料_213,运动户外,59.01,品牌O
P0215,商品_电子产品_214,美妆个护,109.26,品牌R
P0216,商品_电子产品_215,家居用品,109.93,品牌X
P0217,商品_运动户外_216,图书文具,226.26,品牌W
P0218,商品_食品饮料_217,家居用品,64.56,品牌L
P0219,商品_家居用品_218,美妆个护,10.37,品牌W
P0220,商品_电子产品_219,美妆个护,128.76,品牌U
P0221,商品_母婴用品_220,电子产品,210.57,品牌^
P0222,商品_电子产品_221,电子产品,640.15,品牌Z
P0223,商品_美妆个护_222,食品饮料,233.16,品牌H
P0224,商品_运动户外_223,食品饮料,33.44,品牌^
P0225,商品_服装鞋帽_224,服装鞋帽,65.84,品牌B
P0226,商品_图书文具_225,服装鞋帽,41.65,品牌B
P0227,商品_图书文具_226,运动户外,36.36,品牌E
P0228,商品_电子产品_227,电子产品,48.74,品牌A
P0229,商品_家居用品_228,运动户外,197.5,品牌V
P0230,商品_家居用品_229,美妆个护,11.14,品牌D
P0231,商品_美妆个护_230,运动户外,20.03,品牌F
P0232,商品_电子产品_231,美妆个护,184.84,品牌W
P0233,商品_电子产品_232,图书文具,233.61,品牌M
P0234,商品_图书文具_233,电子产品,28.23,品牌S
P0235,商品_家电数码_234,食品饮料,284.5,品牌K
P0236,商品_电子产品_235,运动户外,144.88,品牌M
P0237,商品_服装鞋帽_236,电子产品,41.77,品牌H
P0238,商品_运动户外_237,图书文具,5.0,品牌G
P0239,商品_运动户外_238,家居用品,10.3,品牌M
P0240,商品_服装鞋帽_239,食品饮料,28.27,品牌A
P0241,商品_家电数码_240,汽车用品,116.74,品牌F
P0242,商品_家居用品_241,家电数码,117.11,品牌G
P0243,商品_图书文具_242,电子产品,34.25,品牌P
P0244,商品_运动户外_243,母婴用品,43.32,品牌^
P0245,商品_食品饮料_244,电子产品,52.85,品牌[
P0246,商品_母婴用品_245,美妆个护,43.87,品牌O
P0247,商品_图书文具_246,汽车用品,64.3,品牌T
P0248,商品_家电数码_247,母婴用品,52.98,品牌^
P0249,商品_食品饮料_248,运动户外,10.23,品牌B
P0250,商品_电子产品_249,图书文具,44.36,品牌Z
P0251,商品_服装鞋帽_250,母婴用品,53.38,品牌Y
P0252,商品_电子产品_251,运动户外,146.91,品牌W
P0253,商品_美妆个护_252,运动户外,23.78,品牌P
P0254,商品_汽车用品_253,运动户外,66.95,品牌Q
P0255,商品_服装鞋帽_254,美妆个护,95.86,品牌X
P0256,商品_食品饮料_255,母婴用品,47.07,品牌O
P0257,商品_母婴用品_256,服装鞋帽,9.44,品牌C
P0258,商品_汽车用品_257,图书文具,149.92,品牌D
P0259,商品_美妆个护_258,家居用品,115.25,品牌L
P0260,商品_家居用品_259,电子产品,68.63,品牌E
P0261,商品_美妆个护_260,美妆个护,56.85,品牌Q
P0262,商品_汽车用品_261,食品饮料,9.19,品牌F
P0263,商品_运动户外_262,家居用品,118.47,品牌J
P0264,商品_图书文具_263,图书文具,241.39,品牌V
P0265,商品_家电数码_264,美妆个护,17.93,品牌R
P0266,商品_电子产品_265,家居用品,209.56,品牌[
P0267,商品_家居用品_266,电子产品,169.26,品牌J
P0268,商品_家电数码_267,运动户外,17.41,品牌F
P0269,商品_美妆个护_268,汽车用品,36.81,品牌X
P0270,商品_母婴用品_269,运动户外,13.53,品牌F
P0271,商品_电子产品_270,图书文具,51.16,品牌T
P0272,商品_家居用品_271,电子产品,85.48,品牌O
P0273,商品_家电数码_272,家居用品,14.58,品牌D
P0274,商品_电子产品_273,家电数码,80.3,品牌Y
P0275,商品_电子产品_274,汽车用品,103.45,品牌P
P0276,商品_家居用品_275,运动户外,104.95,品牌V
P0277,商品_食品饮料_276,服装鞋帽,86.01,品牌X
P0278,商品_图书文具_277,家居用品,15.98,品牌H
P0279,商品_食品饮料_278,运动户外,48.35,品牌G
P0280,商品_电子产品_279,家居用品,77.66,品牌S
P0281,商品_汽车用品_280,汽车用品,235.34,品牌Z
P0282,商品_服装鞋帽_281,图书文具,54.73,品牌Q
P0283,商品_汽车用品_282,食品饮料,83.56,品牌U
P0284,商品_家居用品_283,运动户外,21.5,品牌M
P0285,商品_电子产品_284,家居用品,17.2,品牌O
P0286,商品_电子产品_285,食品饮料,15.13,品牌Z
P0287,商品_母婴用品_286,食品饮料,35.86,品牌Z
P0288,商品_图书文具_287,服装鞋帽,429.26,品牌B
P0289,商品_母婴用品_288,食品饮料,36.52,品牌\
P0290,商品_家居用品_289,汽车用品,78.62,品牌J
P0291,商品_运动户外_290,电子产品,95.31,品牌M
P0292,商品_食品饮料_291,食品饮料,18.33,品牌R
P0293,商品_母婴用品_292,家电数码,35.34,品牌^
P0294,商品_家居用品_293,家居用品,101.94,品牌W
P0295,商品_食品饮料_294,食品饮料,83.79,品牌K
P0296,商品_家居用品_295,母婴用品,7.43,品牌M
P0297,商品_运动户外_296,电子产品,98.93,品牌S
P0298,商品_图书文具_297,美妆个护,31.47,品牌]
P0299,商品_图书文具_298,电子产品,32.3,品牌X
P0300,商品_家居用品_299,图书文具,81.85,品牌Y
P0301,商品_母婴用品_300,美妆个护,250.37,品牌^
P0302,商品_图书文具_301,服装鞋帽,44.68,品牌]
P0303,商品_服装鞋帽_302,电子产品,177.51,品牌X
P0304,商品_母婴用品_303,图书文具,12.92,品牌V
P0305,商品_家电数码_304,电子产品,62.22,品牌E
P0306,商品_美妆个护_305,食品饮料,31.78,品牌C
P0307,商品_家居用品_306,运动户外,72.39,品牌S
P0308,商品_家居用品_307,运动户外,40.6,品牌W
P0309,商品_家居用品_308,图书文具,14.28,品牌M
P0310,商品_运动户外_309,电子产品,22.48,品牌E
P0311,商品_家居用品_310,图书文具,10.56,品牌L
P0312,商品_图书文具_311,服装鞋帽,14.78,品牌N
P0313,商品_图书文具_312,运动户外,88.26,品牌F
P0314,商品_美妆个护_313,母婴用品,42.48,品牌^
P0315,商品_美妆个护_314,美妆个护,68.78,品牌V
P0316,商品_汽车用品_315,汽车用品,335.49,品牌I
P0317,商品_母婴用品_316,食品饮料,40.61,品牌Q
P0318,商品_图书文具_317,母婴用品,102.95,品牌H
P0319,商品_图书文具_318,母婴用品,56.16,品牌Z
P0320,商品_运动户外_319,家居用品,864.96,品牌M
P0321,商品_图书文具_320,母婴用品,5.0,品牌]
P0322,商品_图书文具_321,美妆个护,26.64,品牌E
P0323,商品_汽车用品_322,美妆个护,105.01,品牌]
P0324,商品_服装鞋帽_323,食品饮料,25.72,品牌V
P0325,商品_汽车用品_324,图书文具,96.17,品牌V
P0326,商品_服装鞋帽_325,家电数码,51.41,品牌Q
P0327,商品_汽车用品_326,家电数码,129.66,品牌C
P0328,商品_图书文具_327,电子产品,17.6,品牌\
P0329,商品_汽车用品_328,电子产品,64.9,品牌F
P0330,商品_图书文具_329,汽车用品,87.01,品牌N
P0331,商品_图书文具_330,美妆个护,62.29,品牌O
P0332,商品_美妆个护_331,电子产品,63.4,品牌N
P0333,商品_电子产品_332,家居用品,181.71,品牌K
P0334,商品_服装鞋帽_333,电子产品,10.18,品牌K
P0335,商品_家电数码_334,服装鞋帽,61.87,品牌I
P0336,商品_母婴用品_335,服装鞋帽,16.29,品牌F
P0337,商品_母婴用品_336,家居用品,116.47,品牌O
P0338,商品_汽车用品_337,母婴用品,23.62,品牌L
P0339,商品_电子产品_338,服装鞋帽,5.0,品牌]
P0340,商品_运动户外_339,家电数码,119.28,品牌F
P0341,商品_家电数码_340,家电数码,41.75,品牌A
P0342,商品_母婴用品_341,服装鞋帽,77.99,品牌Y
P0343,商品_食品饮料_342,电子产品,227.47,品牌P
P0344,商品_家居用品_343,汽车用品,79.15,品牌T
P0345,商品_食品饮料_344,汽车用品,64.68,品牌O
P0346,商品_运动户外_345,家电数码,52.08,品牌B
P0347,商品_家电数码_346,服装鞋帽,17.33,品牌Q
P0348,商品_母婴用品_347,母婴用品,44.02,品牌C
P0349,商品_汽车用品_348,食品饮料,393.03,品牌C
P0350,商品_家居用品_349,电子产品,37.52,品牌E
P0351,商品_服装鞋帽_350,电子产品,46.71,品牌Q
P0352,商品_母婴用品_351,汽车用品,191.92,品牌W
P0353,商品_母婴用品_352,服装鞋帽,11.69,品牌]
P0354,商品_运动户外_353,图书文具,101.51,品牌Q
P0355,商品_母婴用品_354,运动户外,11.15,品牌T
P0356,商品_家电数码_355,服装鞋帽,81.38,品牌F
P0357,商品_电子产品_356,家居用品,53.39,品牌A
P0358,商品_家电数码_357,服装鞋帽,100.73,品牌G
P0359,商品_服装鞋帽_358,电子产品,19.84,品牌Z
P0360,商品_电子产品_359,食品饮料,31.98,品牌O
P0361,商品_母婴用品_360,家居用品,106.07,品牌G
P0362,商品_母婴用品_361,汽车用品,32.79,品牌S
P0363,商品_家居用品_362,美妆个护,116.22,品牌T
P0364,商品_母婴用品_363,美妆个护,67.3,品牌V
P0365,商品_图书文具_364,图书文具,34.96,品牌^
P0366,商品_服装鞋帽_365,汽车用品,39.83,品牌K
P0367,商品_美妆个护_366,母婴用品,54.79,品牌W
P0368,商品_汽车用品_367,家电数码,43.81,品牌N
P0369,商品_家居用品_368,图书文具,113.32,品牌M
P0370,商品_食品饮料_369,美妆个护,37.66,品牌T
P0371,商品_电子产品_370,家电数码,30.78,品牌Z
P0372,商品_美妆个护_371,母婴用品,135.67,品牌[
P0373,商品_汽车用品_372,汽车用品,35.8,品牌Y
P0374,商品_母婴用品_373,家电数码,31.81,品牌I
P0375,商品_家电数码_374,汽车用品,5.0,品牌I
P0376,商品_图书文具_375,母婴用品,19.31,品牌P
P0377,商品_电子产品_376,运动户外,23.6,品牌L
P0378,商品_电子产品_377,家居用品,31.81,品牌J
P0379,商品_电子产品_378,家电数码,26.52,品牌F
P0380,商品_服装鞋帽_379,家电数码,145.92,品牌R
P0381,商品_电子产品_380,汽车用品,25.15,品牌B
P0382,商品_家居用品_381,汽车用品,27.1,品牌[
P0383,商品_汽车用品_382,家电数码,63.79,品牌T
P0384,商品_家电数码_383,汽车用品,18.14,品牌I
P0385,商品_家居用品_384,食品饮料,260.86,品牌S
P0386,商品_家居用品_385,食品饮料,121.77,品牌F
P0387,商品_图书文具_386,运动户外,16.98,品牌B
P0388,商品_家电数码_387,运动户外,150.46,品牌O
P0389,商品_图书文具_388,运动户外,185.25,品牌Q
P0390,商品_电子产品_389,美妆个护,17.42,品牌P
P0391,商品_电子产品_390,美妆个护,17.03,品牌\
P0392,商品_家居用品_391,服装鞋帽,29.65,品牌U
P0393,商品_家居用品_392,图书文具,13.26,品牌H
P0394,商品_电子产品_393,家居用品,25.02,品牌J
P0395,商品_运动户外_394,食品饮料,36.59,品牌J
P0396,商品_汽车用品_395,母婴用品,90.39,品牌R
P0397,商品_服装鞋帽_396,家居用品,59.22,品牌J
P0398,商品_美妆个护_397,家居用品,47.09,品牌I
P0399,商品_母婴用品_398,母婴用品,33.68,品牌\
P0400,商品_食品饮料_399,电子产品,14.76,品牌X
P0401,商品_家电数码_400,家电数码,98.66,品牌S
P0402,商品_图书文具_401,图书文具,96.48,品牌A
P0403,商品_家电数码_402,服装鞋帽,29.46,品牌D
P0404,商品_电子产品_403,运动户外,18.15,品牌X
P0405,商品_美妆个护_404,母婴用品,258.81,品牌C
P0406,商品_食品饮料_405,美妆个护,69.88,品牌J
P0407,商品_家居用品_406,运动户外,81.2,品牌L
P0408,商品_家居用品_407,汽车用品,84.79,品牌R
P0409,商品_图书文具_408,母婴用品,16.4,品牌W
P0410,商品_汽车用品_409,运动户外,244.51,品牌T
P0411,商品_母婴用品_410,家电数码,36.47,品牌F
P0412,商品_汽车用品_411,家电数码,124.22,品牌U
P0413,商品_美妆个护_412,家电数码,234.73,品牌B
P0414,商品_汽车用品_413,运动户外,59.23,品牌J
P0415,商品_图书文具_414,家电数码,16.75,品牌B
P0416,商品_食品饮料_415,食品饮料,5.0,品牌^
P0417,商品_食品饮料_416,美妆个护,52.54,品牌I
P0418,商品_食品饮料_417,服装鞋帽,70.12,品牌[
P0419,商品_家居用品_418,母婴用品,30.55,品牌J
P0420,商品_运动户外_419,家居用品,62.53,品牌B
P0421,商品_美妆个护_420,运动户外,83.96,品牌H
P0422,商品_母婴用品_421,运动户外,147.51,品牌X
P0423,商品_美妆个护_422,美妆个护,43.44,品牌Q
P0424,商品_美妆个护_423,电子产品,52.18,品牌Q
P0425,商品_汽车用品_424,图书文具,45.67,品牌]
P0426,商品_服装鞋帽_425,汽车用品,56.46,品牌D
P0427,商品_美妆个护_426,母婴用品,32.68,品牌R
P0428,商品_图书文具_427,电子产品,32.53,品牌L
P0429,商品_服装鞋帽_428,汽车用品,34.64,品牌Q
P0430,商品_运动户外_429,图书文具,63.83,品牌I
P0431,商品_图书文具_430,家居用品,23.4,品牌]
P0432,商品_美妆个护_431,运动户外,34.78,品牌S
P0433,商品_家电数码_432,家电数码,333.15,品牌N
P0434,商品_家居用品_433,美妆个护,133.81,品牌N
P0435,商品_汽车用品_434,母婴用品,20.97,品牌^
P0436,商品_电子产品_435,美妆个护,129.63,品牌Q
P0437,商品_母婴用品_436,服装鞋帽,102.25,品牌B
P0438,商品_母婴用品_437,家居用品,49.21,品牌H
P0439,商品_图书文具_438,服装鞋帽,26.9,品牌E
P0440,商品_母婴用品_439,图书文具,24.01,品牌[
P0441,商品_服装鞋帽_440,图书文具,68.3,品牌G
P0442,商品_食品饮料_441,食品饮料,23.42,品牌V
P0443,商品_家电数码_442,图书文具,163.57,品牌]
P0444,商品_电子产品_443,电子产品,217.2,品牌P
P0445,商品_母婴用品_444,电子产品,52.31,品牌P
P0446,商品_母婴用品_445,家电数码,170.51,品牌Q
P0447,商品_图书文具_446,运动户外,36.18,品牌V
P0448,商品_美妆个护_447,美妆个护,26.73,品牌[
P0449,商品_家居用品_448,运动户外,164.07,品牌G
P0450,商品_汽车用品_449,运动户外,265.04,品牌T
P0451,商品_汽车用品_450,电子产品,388.84,品牌H
P0452,商品_汽车用品_451,美妆个护,76.15,品牌H
P0453,商品_汽车用品_452,家电数码,129.3,品牌W
P0454,商品_运动户外_453,家居用品,74.49,品牌K
P0455,商品_电子产品_454,食品饮料,222.16,品牌O
P0456,商品_美妆个护_455,电子产品,84.21,品牌R
P0457,商品_家居用品_456,服装鞋帽,122.13,品牌F
P0458,商品_家居用品_457,食品饮料,17.54,品牌V
P0459,商品_图书文具_458,家居用品,43.33,品牌L
P0460,商品_家电数码_459,图书文具,123.18,品牌O
P0461,商品_母婴用品_460,运动户外,112.61,品牌\
P0462,商品_母婴用品_461,母婴用品,134.14,品牌W
P0463,商品_美妆个护_462,家电数码,61.6,品牌F
P0464,商品_运动户外_463,运动户外,28.45,品牌R
P0465,商品_服装鞋帽_464,图书文具,51.47,品牌X
P0466,商品_食品饮料_465,家居用品,57.23,品牌T
P0467,商品_美妆个护_466,服装鞋帽,69.53,品牌I
P0468,商品_服装鞋帽_467,家电数码,20.74,品牌H
P0469,商品_食品饮料_468,家电数码,41.85,品牌N
P0470,商品_家居用品_469,家居用品,49.97,品牌S
P0471,商品_运动户外_470,食品饮料,5.8,品牌S
P0472,商品_美妆个护_471,汽车用品,125.52,品牌H
P0473,商品_汽车用品_472,运动户外,64.33,品牌B
P0474,商品_家居用品_473,食品饮料,71.19,品牌Y
P0475,商品_服装鞋帽_474,电子产品,32.61,品牌D
P0476,商品_美妆个护_475,家居用品,98.13,品牌F
P0477,商品_美妆个护_476,电子产品,23.76,品牌C
P0478,商品_图书文具_477,服装鞋帽,27.8,品牌C
P0479,商品_电子产品_478,食品饮料,102.34,品牌S
P0480,商品_家居用品_479,母婴用品,78.04,品牌K
P0481,商品_美妆个护_480,汽车用品,15.22,品牌]
P0482,商品_母婴用品_481,家居用品,264.38,品牌J
P0483,商品_母婴用品_482,家居用品,25.57,品牌L
P0484,商品_电子产品_483,汽车用品,47.82,品牌N
P0485,商品_美妆个护_484,家电数码,313.18,品牌^
P0486,商品_汽车用品_485,图书文具,6.96,品牌^
P0487,商品_电子产品_486,服装鞋帽,9.91,品牌\
P0488,商品_电子产品_487,食品饮料,84.94,品牌R
P0489,商品_服装鞋帽_488,家居用品,5.0,品牌X
P0490,商品_服装鞋帽_489,家居用品,7.07,品牌I
P0491,商品_家电数码_490,汽车用品,176.82,品牌O
P0492,商品_家居用品_491,母婴用品,36.27,品牌X
P0493,商品_食品饮料_492,汽车用品,490.83,品牌Z
P0494,商品_电子产品_493,汽车用品,19.4,品牌C
P0495,商品_服装鞋帽_494,运动户外,39.71,品牌W
P0496,商品_运动户外_495,食品饮料,93.75,品牌K
P0497,商品_家电数码_496,家电数码,87.49,品牌J
P0498,商品_美妆个护_497,汽车用品,42.31,品牌R
P0499,商品_家居用品_498,母婴用品,28.55,品牌D
P0500,商品_美妆个护_499,家电数码,68.81,品牌\
